blockHeight,gasLimit,gasUsed
5900048.0,181946.9568598213,267433.37509417144,0.6803449898343924
5900148.0,405580.2858785937,591414.3021678594,0.6857803140571987
5900248.0,225950.67017322616,316061.8451263512,0.7148938527613115
5900348.0,186327.9779747985,291572.1758090847,0.6390458124399432
5900448.0,182165.81211626704,253716.57249914613,0.7179894096861966
5900548.0,250771.96032179883,359643.5129787397,0.6972792536831415
5900648.0,288614.09010285337,411430.96918757906,0.7014884919158062
5900748.0,279515.26453095605,491799.39603664423,0.5683521915308111
5900848.0,200959.05809060668,257721.59394233418,0.7797525035312786
5900948.0,214829.41477521983,372538.452348809,0.576663733423347
5901048.0,416968.4992553789,643400.0686604921,0.6480703368954782
5901148.0,224905.42363386892,345492.5367791288,0.6509704253833117
5901248.0,195339.2068310117,307040.85270898015,0.6361994018306038
5901348.0,417029.74661237316,603753.890858523,0.6907280481776561
5901448.0,206285.1572047823,364108.9701509137,0.5665478582394783
5901548.0,330606.8977870346,583389.2749242943,0.5667003354320099
5901648.0,207892.97241138856,325886.93541503145,0.6379297536018977
5901748.0,314404.91574615263,425229.2750835678,0.7393773998376865
5901848.0,379628.0133686303,523578.4163935241,0.725064291197405
5901948.0,292877.9692681366,483527.22927591205,0.6057114295439472
5902048.0,307386.3359662475,442354.1826396706,0.6948873731270578
5902148.0,289677.5094407295,412626.58112911746,0.7020330795172034
5902248.0,168410.47662313454,388573.9063847972,0.43340655112430765
5902348.0,354323.4301657051,588584.6831552525,0.6019922711312627
5902448.0,233958.93492504532,339091.66282041674,0.6899577918816311
5902548.0,246422.42953022293,338461.6082401985,0.7280661189653821
5902648.0,204866.22801688564,292938.97048760665,0.6993478118526838
5902748.0,266471.50943670655,384183.630183121,0.6936045383029281
5902848.0,205411.89913450312,299008.1974308297,0.6869774838933022
5902948.0,179239.43305765622,273849.58151713235,0.654517827139505
5903048.0,196013.14719329294,281195.03771629673,0.6970718572603494
5903148.0,144207.2993960048,219835.11270279574,0.6559793730083722
5903248.0,137270.6553763476,198850.50576864497,0.6903208762066555
5903348.0,115019.99909087541,186147.2597661815,0.6178978902797246
5903448.0,146746.6657691763,222967.1856319027,0.6581536442382193
5903548.0,106435.3898149959,196033.16272576232,0.5429458380156428
5903648.0,127911.29772045862,182811.28848966694,0.6996903680140549
5903748.0,107440.25942872529,186418.529692501,0.5763389487404977
5903848.0,98437.7531727545,243363.69592668963,0.40448824052379484
5903948.0,106990.76842923794,181181.97492803205,0.5905155216005131
5904048.0,153210.39471299775,330057.3891094606,0.46419319720846147
5904148.0,123824.35045186602,244836.65981841806,0.5057426879769548
5904248.0,118512.83895816476,196956.88849087746,0.6017196954431678
5904348.0,109558.09694506599,178115.52561060284,0.6150957170605246
5904448.0,135190.68532972445,227300.99704142625,0.5947650344229928
5904548.0,117203.0551262999,193958.8107474313,0.6042677549663832
5904648.0,165866.69157053894,263575.0863436109,0.6292957876690441
5904748.0,103073.12192655193,181637.18337508786,0.5674670792141823
5904848.0,145632.70321878153,223202.9369249067,0.6524676835582028
5904948.0,101852.5254401451,185459.76205023524,0.5491893460564046
5905048.0,120874.37121238308,223700.78804329463,0.5403394966538485
5905148.0,97616.26033867696,183437.86612517934,0.5321489090592828
5905248.0,225274.06950080887,472582.58296979597,0.47668720265809444
5905348.0,248872.80294700936,338628.3266436103,0.7349438406815144
5905448.0,201377.61972934625,319862.64683074685,0.6295752934099362
5905548.0,258218.2377117708,371221.7232031122,0.6955903212875502
5905648.0,247712.53098910794,363523.6646829417,0.68142064755305
5905748.0,214424.34083366633,310999.7665227858,0.6894678514749182
5905848.0,294062.264930919,419202.9443910191,0.7014794835425275
5905948.0,352041.6186561911,499596.3392532234,0.7046521181128125
5906048.0,297809.659031614,428666.58261353255,0.6947349551157023
5906148.0,320487.28497751954,445644.62941230735,0.7191543750906665
5906248.0,183317.7320204214,293588.0697652568,0.624404568506466
5906348.0,194373.2282663005,280768.1097017776,0.6922909744726963
5906448.0,160018.5005879727,266654.96697647305,0.6000957057068099
5906548.0,221756.34888539652,342403.4731795585,0.6476463186140232
5906648.0,147323.65564079292,243881.12566908967,0.6040797754914792
5906748.0,184318.71458258867,314320.3835751842,0.5864039502818319
5906848.0,115099.23155862246,200688.48533194032,0.5735218508837088
5906948.0,218245.70444375055,398918.9859338534,0.5470927986364101
5907048.0,226579.41208972476,401923.42039742,0.5637377684178844
5907148.0,296035.10928705306,460064.97705721384,0.64346369328226
5907248.0,193911.05346841936,361701.10295182816,0.5361085489812418
5907348.0,126753.01515696524,258524.53626546395,0.49029394651658853
5907448.0,282068.6554173196,389240.9751269189,0.724663315123353
5907548.0,97901.11037853434,199074.29279848916,0.491781781576558
5907648.0,94204.80663396876,227113.12789099515,0.41479243189844645
5907748.0,78444.77453570084,174770.81194455485,0.44884368083491566
5907848.0,92794.94054195512,209024.32266662671,0.44394326630568226
5907948.0,121277.34012677187,241484.09341807198,0.5022166818946917
5908048.0,117510.61584992327,219955.41235757593,0.5342474394714564
5908148.0,91887.1201977572,178486.55382415812,0.5148125627899276
5908248.0,100404.23061760081,179199.46403600142,0.5602931412642477
5908348.0,104874.13604386715,202388.96123562328,0.5181811073271512
5908448.0,104001.9472636423,189708.86678368863,0.5482186943967582
5908548.0,129304.97836966222,215155.88309867104,0.6009827688995268
5908648.0,100267.4903548282,168959.14942380667,0.5934422059815384
5908748.0,136829.7592804658,245881.0598642809,0.556487593456738
5908848.0,154958.0247815766,245497.30744335294,0.6312005064142394
5908948.0,124325.91160951467,203142.6866399848,0.6120127367905129
5909048.0,141944.37916006043,215238.27823304496,0.6594755371829029
5909148.0,111589.3465033733,207529.1316191287,0.5377044930162841
5909248.0,113143.58465131813,199446.9458690666,0.5672866243115846
5909348.0,122468.64348210981,226921.6413563888,0.5396957414465741
5909448.0,126125.93457827883,215251.6084753457,0.5859465370393501
5909548.0,124249.14183111188,204769.747430623,0.606774894192845
5909648.0,164211.98168615357,285064.074575686,0.5760528819023613
5909748.0,217193.12256441795,352168.48502253165,0.6167307178282065
5909848.0,167278.06235269207,273491.27344760543,0.6116394875931522
5909948.0,128129.4091505939,227488.67254271926,0.5632342380763287
5910048.0,104213.55393357232,187076.78556651474,0.5570629921718396
5910148.0,203196.51500389777,303623.22029476165,0.6692390483396882
5910248.0,94749.90998870185,177075.00231663865,0.5350834886297149
5910348.0,106568.91355300538,213429.67943447028,0.4993162798884559
5910448.0,92236.5558519595,171081.7086231043,0.5391374483823873
5910548.0,130433.06332408586,258088.4239828696,0.5053813003745694
5910648.0,130398.64420387479,242715.81518651542,0.5372482386599724
5910748.0,180008.2901658767,311284.1341806185,0.5782764696302487
5910848.0,125762.59225053209,230823.2068084078,0.5448437962085845
5910948.0,163806.21888286964,330553.6163459047,0.49555113235081405
5911048.0,200432.9469057204,384835.63957860327,0.520827403421355
5911148.0,202960.5422055959,352432.770129066,0.5758844222439042
5911248.0,304711.35842553497,391608.29301574716,0.7781024147343123
5911348.0,248061.0047886265,335371.582710383,0.7396601786706677
5911448.0,369937.12330448313,491053.2667240102,0.7533543677908191
5911548.0,304968.1251277334,398038.1011034764,0.7661782233466439
5911648.0,352048.18758166843,478620.35175527586,0.7355478852718632
5911748.0,218389.70988546204,325870.3328007965,0.6701736485443214
5911848.0,317437.77153074095,430741.3275027023,0.7369568491863587
5911948.0,287478.53883563774,376483.3123325751,0.7635890607063269
5912048.0,308576.17180302175,429757.86450334534,0.7180233272976433
5912148.0,275929.49327505066,373069.8798339622,0.7396187904471284
5912248.0,365267.9278116734,458121.1005954187,0.7973174065480408
5912348.0,271636.1182826077,362247.88230231544,0.7498625431739934
5912448.0,332126.5953196206,419787.118989738,0.791178624343973
5912548.0,447923.6879722063,559481.3635699752,0.8006051982036819
5912648.0,298626.3720938926,403478.67636378435,0.7401292548720596
5912748.0,206157.51442701707,315597.77035939146,0.6532286783656687
5912848.0,228208.42459661476,344362.31979462004,0.6626985923800252
5912948.0,300142.9392813808,383035.6798231529,0.783590028531954
5913048.0,260557.57713545184,356021.30718941055,0.7318595035572686
5913148.0,250119.42467370818,342408.3077727083,0.7304712502470537
5913248.0,235527.44813373787,336193.7477014083,0.7005705779600709
5913348.0,187792.73969193586,301911.5388346209,0.6220124623815843
5913448.0,172710.21186350659,330472.2548902189,0.5226163749234561
5913548.0,217165.6661392119,369733.54014880344,0.5873572250215957
5913648.0,332214.61373409815,527623.8837053312,0.6296428649155583
5913748.0,212951.47979981982,300981.6845239872,0.7075230512335322
5913848.0,163000.9177748099,314875.55500791175,0.5176677426442782
5913948.0,304108.9165386611,482911.42572755157,0.6297405700858959
5914048.0,304247.54114236793,415437.5128651317,0.7323545219690821
5914148.0,242456.20380776905,357209.61692869104,0.6787504935965093
5914248.0,278806.58634343534,410313.019589682,0.6794972936082928
5914348.0,189791.8576999919,289705.8682923357,0.6551191345163819
5914448.0,143676.76346556286,219816.55685712313,0.6536212081556269
5914548.0,191739.41017928306,279188.15150608285,0.6867748833356401
5914648.0,210766.60191392933,297334.2997075621,0.7088539805909547
5914748.0,97534.475502244,163291.47512743017,0.5973029236592393
5914848.0,87247.31645106213,171378.56453484445,0.5090911846990241
5914948.0,84657.8107423287,152343.76525647356,0.5557024969141711
5915048.0,113759.83258354179,194518.08567061686,0.584829077416352
5915148.0,178653.28230724263,282270.3797236245,0.6329154425702227
5915248.0,161459.62067592074,241088.5282391628,0.6697109226024673
5915348.0,188964.45162714264,264640.2237183403,0.714042819991944
5915448.0,135991.9049718255,207176.7003269998,0.6564054005937013
5915548.0,119870.45271496562,202705.94664698595,0.5913514363923471
5915648.0,122976.12919032443,196160.1969123691,0.6269168318854293
5915748.0,122541.84118028941,190169.86577849853,0.6443809626653507
5915848.0,153267.23582952537,241199.8338009657,0.6354367389655794
5915948.0,151229.57468947553,227933.6215797334,0.6634807697142387
5916048.0,190660.24027451756,286427.70514098107,0.6656487373687322
5916148.0,123862.06557205657,189017.95037682424,0.655292607528155
5916248.0,164948.07184324323,250022.99236479404,0.6597316122133963
5916348.0,195623.0404069732,279845.9145069256,0.6990384002984324
5916448.0,203419.89727586549,300420.5845187854,0.6771170411032389
5916548.0,167314.45859612245,271085.1297801353,0.617202643065754
5916648.0,145009.945319866,280506.6425679826,0.5169572598792269
5916748.0,101983.12467372198,204214.13439656037,0.49939307568046426
5916849.0,115527.13933335345,206170.06742764413,0.5603487488497717
5916949.0,129007.14802768332,219557.4761738989,0.5875780241047412
5917049.0,166762.32136970467,251850.44733557012,0.6621482039597394
5917149.0,115737.91475001926,186972.46116907406,0.6190104897071481
5917249.0,252027.10000137362,379155.4162904238,0.6647065798694196
5917349.0,217038.87722071432,319822.78543940804,0.6786223092970759
5917449.0,225036.03912398202,333772.5731270023,0.6742196850259311
5917549.0,197999.11011865805,310211.1888520947,0.6382719812632608
5917649.0,192623.16485779255,299628.02484393795,0.6428743271198375
5917749.0,146773.91689421932,243986.67943273362,0.6015652872339878
5917849.0,202069.1506448447,314430.0819432631,0.642652094214404
5917949.0,236771.91431995065,321705.9413728048,0.7359886277187855
5918048.0,213359.40606552656,302846.8785418392,0.7045124819936037
5918148.0,197139.1458380516,277082.6864055988,0.7114812852271672
5918248.0,178207.51201025423,260559.94859524127,0.6839405402519676
5918348.0,193789.0528041929,285304.4143727075,0.6792360827303447
5918448.0,261723.46507277995,381263.7373907801,0.686463042260229
5918549.0,134646.36543480403,218180.6101544132,0.6171325918444843
5918649.0,170744.18168891128,259556.7554763054,0.6578298506451252
5918749.0,149467.79620866335,225138.00774183645,0.6638941052550159
5918849.0,154458.30163938328,239897.43706779394,0.6438514038636188
5918949.0,150013.81284286632,236798.59073075402,0.6335080474082543
5919048.0,145314.41887217766,254598.2909808505,0.5707596005941274
5919150.0,101009.86874326695,183222.0356768286,0.5512976011325984
5919250.0,106975.40576553147,214203.89099195602,0.499409255686904
5919351.0,105925.48597945756,185316.6213372976,0.5715919339294502
5919451.0,131867.4503497094,234511.4865366818,0.5623069995297777
5919551.0,172707.0552866783,284977.1002817535,0.6060383627874831
5919651.0,111161.77164779328,209686.4780072059,0.5301332384626786
5919751.0,103759.17142533802,207765.3328818984,0.4994056033607812
5919851.0,138591.85429624998,218815.92685333928,0.6333718769435863
5920048.0,128339.89963373067,214108.448943423,0.5994153909715343
5920148.0,101550.23997152463,186574.50903679474,0.5442878584849857
5920248.0,138023.31852156357,216956.52772783505,0.6361796068874653
5920348.0,159329.8191675453,247915.75612255555,0.6426772612579801
5920448.0,95056.53930997694,171447.37131743575,0.5544356765551058
5920548.0,98367.39280813615,181607.92243488075,0.5416470354888169
5920648.0,133196.25039956474,212726.49166784796,0.6261385187865455
5920748.0,111166.01987404036,183892.9146992326,0.6045149703340053
5920848.0,172527.42197626043,271761.88127988135,0.634847761443697
5920948.0,177486.17889495596,313226.96050279564,0.56663761832651
5921048.0,168264.02386274518,264550.5507005309,0.636037322232675
5921148.0,161265.40220371084,262716.39220274554,0.6138383709199914
5921248.0,167898.6804141859,259139.22839375795,0.6479091624023303
5921348.0,208085.6173251198,305217.1349026667,0.6817625668083085
5921448.0,129628.85190750737,217295.02850929572,0.5965569152538708
5921548.0,173332.78438160534,291362.6688067962,0.5949038876237883
5921648.0,216262.429444277,329252.6575564304,0.6568281970729786
5921748.0,152813.92832946582,247457.84740822762,0.6175351880329376
5921848.0,135964.70584863343,237509.33044965827,0.572460482252305
5921948.0,115444.53917318603,189958.70046152695,0.6077349386614036
5922048.0,130483.83997312801,212836.45291273438,0.6130709198890287
5922148.0,142371.46432466817,223456.74544030457,0.6371320948228079
5922248.0,145033.85383795053,209550.74410831518,0.692118056917916
5922348.0,205721.59669694921,286075.72313517117,0.719115884572091
5922448.0,230936.6636702429,321030.0148201048,0.7193615955182652
5922548.0,73587.25357221071,163865.18163160505,0.44907193120285027
5922648.0,168447.93408967528,285834.54631671606,0.5893197175089825
5922748.0,303484.9026176791,465563.9338297277,0.6518651479748723
5922848.0,264021.7292607718,387339.9116994427,0.6816279998164508
5922948.0,383550.84225056134,517805.22439113853,0.7407241645766702
5923048.0,315906.0417987099,396528.009050584,0.796680271224953
5923148.0,449203.4937826667,569587.9248194402,0.7886464480880007
5923248.0,368329.7745594692,468994.73016544944,0.785360156242122
5923348.0,430366.5326954555,518583.8772809744,0.8298879921835252
5923448.0,299105.41692103515,388822.88557383587,0.7692587757009387
5923548.0,345520.4245015108,472169.0837274492,0.7317726560448757
5923648.0,265836.28056530515,425425.0311622115,0.6248722127117708
5923748.0,318322.55017530685,507326.27546736936,0.627451337666387
5923848.0,236105.92066180185,354709.7782950463,0.6656312712795016
5923948.0,147977.66194782231,232642.33916197144,0.6360736505696694
5924048.0,168037.91241723043,240805.2971046245,0.6978165116700972
5924148.0,138533.09756498144,223667.37796913885,0.6193710447309663
5924248.0,189778.60658399414,322023.43178639835,0.5893316692242332
5924348.0,108961.00237639806,208007.81667080597,0.5238312873060929
5924448.0,125148.37509158986,222494.0036773741,0.5624797658505009
5924548.0,105059.72808914738,195146.76548211987,0.5383626412130995
5924648.0,150566.4598528145,240897.20049172483,0.6250237011699382
5924748.0,137789.44727394966,242834.88483260997,0.5674203167676265
5924848.0,94935.85556726792,199254.4284477485,0.47645543593106854
5924948.0,91487.48829209333,208397.30350249092,0.43900514428201226
5925049.0,102220.31033071995,177948.98728295107,0.5744360329973818
5925149.0,107406.8268555813,190442.55971072332,0.5639854191139266
5925249.0,126636.2156133344,203505.62277534176,0.6222737921749383
5925349.0,98769.53852235513,159656.43684858992,0.6186379983916537
5925449.0,106533.77629870288,183264.40311011218,0.5813118886742744
5925549.0,118828.29771352508,192561.34182383568,0.6170932160528612
5925649.0,122846.35684565829,190039.0558798071,0.6464268951291476
5925749.0,92826.84830289752,167028.4420680673,0.5557547394537081
5925849.0,97919.20927642178,174294.22870088744,0.561804082706975
5925949.0,106382.8753238598,179629.06861257443,0.5922364133241003
5926048.0,107985.1044941339,184785.2169369414,0.584381728604319
5926148.0,110937.52068416122,175803.76323539254,0.6310304093753748
5926248.0,110329.41327460391,227308.69828266607,0.48537259730116245
5926348.0,82571.46678694586,161344.10345506563,0.5117724479465842
5926448.0,128327.11884178707,201248.22879462692,0.6376558919817596
5926548.0,89314.7455975553,161357.181354087,0.5535219743431212
5926648.0,115353.98728788517,179530.68290738136,0.6425307664394921
5926748.0,95453.74793286275,173476.03216807448,0.5502417062455127
5926848.0,121438.64063913356,218145.7582880848,0.5566857755664488
5926948.0,112435.52046223763,198851.61883337592,0.5654242149089614
5927048.0,91771.58581659386,158646.3256666191,0.57846650674686
5927148.0,102481.7748561105,183573.25294817623,0.5582609296847928
5927249.0,95495.19993092015,166086.1529361193,0.5749738809812152
5927349.0,89953.72936226454,162755.06858533432,0.5526938739551499
5927449.0,104048.95018966522,181190.39304378725,0.5742520254068896
5927549.0,78542.83798689074,155688.18388588465,0.5044881122414567
5927649.0,116258.93454531628,194080.42755958007,0.5990245178619382
5927749.0,99039.4326567174,175243.04184387182,0.5651547223481431
5927849.0,64952.98046892994,143429.33633896086,0.4528570104753824
5927949.0,105528.07203709755,187185.74309989664,0.5637612688311401
5928050.0,108205.48317074183,172225.7957383695,0.6282768658831934
5928150.0,120186.74512514641,204286.06275208583,0.5883257208349093
5928251.0,152557.83852084624,246356.95935026513,0.6192552421624214
5928351.0,108090.79255024415,214423.21988465806,0.5041002210879403
5928451.0,189092.87082744009,264128.07805130613,0.7159135530858227
5928553.0,121446.34125794603,191931.65266956695,0.6327582739415591
5928653.0,239836.05982642944,324884.54443175544,0.7382193580366175
5928753.0,253513.31706503488,337861.9314871891,0.7503459059418995
5928853.0,305047.3888705813,402732.89937193313,0.7574434304878156
5929050.0,165544.6462238235,297587.75860620633,0.5562884945240184
5929150.0,90145.33382306113,209574.46438199258,0.4301351029997276
5929250.0,240024.31980633066,318949.6975058642,0.752546002342321
5929351.0,150435.5339968375,406899.3871206561,0.3697118716775789
5929451.0,91642.7879048369,277568.7997401532,0.3301624245615089
5929551.0,66063.76186655031,214914.33844329335,0.3073957854328165
5929651.0,66425.50633665576,195408.03670177844,0.3399323152610704
5929751.0,71313.34773640585,183186.5786713801,0.3892935184096399
5929851.0,77117.6334969514,181629.02294252955,0.42458871521514874
5930050.0,77893.04669976635,170027.04814334918,0.45812150213944197
5930150.0,81268.99482584355,162629.77405029497,0.49971781182399144
5930250.0,76552.47781172965,166935.47636990924,0.4585752500091618
5930350.0,83860.79931270718,171600.04459923384,0.488699169680062
5930451.0,84623.26941442197,157837.98093789828,0.5361400906903212
5930551.0,103543.07804262538,181955.78695565258,0.5690562513840879
5930651.0,100140.57122386432,177132.91231698386,0.5653414146133398
5930752.0,84371.2275882777,201946.03757196266,0.41779095347791784
5930852.0,73413.5077557961,156707.0040467335,0.4684762382024901
5931048.0,77206.01114407013,159404.63464402084,0.48433981431270806
5931148.0,92412.02285348639,149700.38048016475,0.6173132129462486
5931248.0,102132.24048821263,197727.1208763198,0.5165312681212676
5931348.0,77811.55541976338,150700.95823192885,0.5163308603520049
5931448.0,76227.55966293807,150100.90500972272,0.507842105668853
5931548.0,89700.30654118462,168547.06327252745,0.5321973862940953
5931648.0,75873.62821949269,152951.501448757,0.4960633109241655
5931748.0,77429.96944858738,165205.59865466596,0.46868853161835927
5931848.0,78595.49808611184,152648.12959638302,0.514880190762417
5931948.0,92738.90202653456,176926.3117481396,0.5241668190006212
5932048.0,89398.6604869002,170998.21089047837,0.5228046540449398
5932148.0,95147.21595682792,164279.83414788207,0.5791776967048672
5932248.0,91047.792657659,179311.4099338707,0.5077635198520666
5932348.0,112640.91468249146,209856.16922305315,0.5367529346386145
5932448.0,64375.208276871264,149415.1386455961,0.4308479640042731
5932548.0,78158.67433233774,168606.5026854786,0.46355670206941096
5932648.0,66407.18202595235,317395.8774332009,0.2092250931643824
5932748.0,60672.063485314226,156573.5397942437,0.38749883003887214
5932848.0,74408.88940162201,321748.96624677157,0.23126380255267917
5932948.0,72566.83667554504,347002.43108680635,0.2091248653453718
5933048.0,75599.71307197258,357745.3398660365,0.21132270542023585
5933148.0,88147.49998708471,427669.422294877,0.2061112985681432
5933248.0,68615.43644545205,436042.83701453643,0.15735939366701399
5933348.0,143753.71837164043,480739.4626136674,0.29902624924961485
5933448.0,91893.88103083502,431278.91815546603,0.21307297241389717
5933548.0,63034.53834683411,268599.93636302056,0.23467815815727192
5933648.0,92413.25055210321,299188.2824286462,0.30887991268221865
5933748.0,90752.27999930216,317222.6855861418,0.28608382730136867
5933848.0,78067.21470967132,407595.97430720954,0.19153087770889318
5933948.0,56512.4963913248,589095.0346417172,0.09593103500812095
5934048.0,63365.5249010542,533025.4843652612,0.11887897813462205
5934148.0,119024.1823932507,389552.35852005536,0.30554091071463235
5934248.0,178470.47497577328,472650.40776465816,0.3775950936334264
5934348.0,130974.89290361704,643316.5624056286,0.20359322386143358
5934448.0,254060.27608816512,431555.1480411816,0.5887087136866251
5934548.0,205474.0480004851,417690.6029806014,0.491928826107749
5934648.0,176105.03765830465,289120.36994097696,0.6091062960878749
5934748.0,203867.94069358337,341924.6819893955,0.5962363977570538
5934848.0,150438.78938930752,281187.6035880402,0.5350121679251231
5934948.0,156258.60372589302,393360.96886663116,0.39723972659542744
5935048.0,164472.6474387232,376383.4972793647,0.4369815590417504
5935148.0,138382.76194402386,406847.70705761714,0.34013405887138576
5935248.0,153237.97273347597,374282.43193047465,0.40941802142062844
5935348.0,149927.03803940053,527055.2897480131,0.28446168923013965
5935448.0,196356.88468507247,586003.1649797158,0.33507819824124885
5935548.0,174086.91734769073,433330.3849426076,0.40174177347556106
5935648.0,158767.08190122142,370187.843518577,0.4288824840712363
5935748.0,171913.55372827937,482745.36045796523,0.3561164286803097
5935848.0,106755.24451902787,814564.7698245321,0.131058018310839
5935948.0,128950.09997652278,580325.9961072481,0.22220286673611625
5936048.0,104177.07969771461,336283.7510876408,0.30978921628171213
5936148.0,80474.49993246856,586847.3126024213,0.13713021803848427
5936248.0,164499.86630454383,424542.55343406,0.38747556628641694
5936348.0,150487.29353640505,618602.5410604139,0.2432697629699975
5936448.0,61684.92774729906,504609.1284096885,0.12224298823468273
5936548.0,69904.9843823298,617501.3425178197,0.11320620631737735
5936648.0,172617.02076217212,825309.0879561811,0.20915439231336444
5936748.0,96722.9164644767,428271.01374785707,0.22584511526484477
5936848.0,86212.22524188354,694703.7300675032,0.12409926924317284
5936948.0,78643.78276078498,455720.47023722786,0.17257022209216652
5937048.0,145085.2560854828,325423.62874862715,0.4458350386030316
5937149.0,133170.0584121037,488208.0016987359,0.27277319902323205
5937249.0,158395.61696695074,303130.7369096055,0.5225323521520181
5937349.0,71609.95947164916,487784.26283905277,0.14680662113791332
5937449.0,75086.4644158992,545195.9910024137,0.13772380144953555
5937549.0,77312.93227641514,316644.51677471696,0.2441631804141455
5937649.0,81830.14459749898,415955.4511534962,0.19672814569582825
5937749.0,71572.78552363087,348080.53641330166,0.2056213376971105
5937849.0,70595.91587893985,269948.2336120631,0.2615164949750764
5937949.0,61692.73074070946,143743.7143007766,0.42918558937207146
5938048.0,113734.77112947412,239351.3182520415,0.4751792133841905
5938148.0,70689.9883321301,166005.69713651238,0.42582868872264795
5938248.0,59742.16784101664,154491.74533366814,0.38670135878125217
5938348.0,87318.55316702061,176398.11747284487,0.49500841855901684
5938448.0,78728.53128096367,185522.2448230487,0.42436167887066595
5938548.0,89671.58125529879,189866.16726792752,0.4722883626168097
5938648.0,100081.53412313823,207808.06478977195,0.48160563077465374
5938748.0,100483.15662894772,189571.7657259882,0.530053387666329
5938848.0,88689.79247167813,174972.95892885444,0.5068771369851509
5938948.0,91776.00131868683,188521.38896861908,0.4868200994103841
5939048.0,109127.55115070792,248680.84218048773,0.43882572615507415
5939148.0,91440.5002899837,206277.07809140542,0.44328968170406513
5939248.0,89421.10374892292,178727.302345825,0.5003214538308157
5939348.0,84957.47033414729,182450.85236190262,0.4656457847926567
5939448.0,86991.31398074504,231720.7354966711,0.3754144565193422
5939548.0,94895.18135416288,198768.85171912026,0.47741474850525883
5939648.0,73441.54663133537,186718.59148013484,0.3933274455915595
5939748.0,83406.73267449262,235735.53391876037,0.3538148504299586
5939848.0,68942.08503648976,186900.8128042998,0.36886990485524357
5939948.0,85099.65562304441,324840.1999980703,0.261973904780104
5940048.0,85208.08448780283,214237.45706743232,0.3977272959367846
5940148.0,87320.85572809186,196960.0613087844,0.44334295566244
5940248.0,86425.97685101138,219257.32475488563,0.39417600733580777
5940348.0,140588.99135540664,282315.64419016766,0.4979851249784301
5940448.0,75610.48165192785,182897.53417473004,0.4134035048263354
5940548.0,112644.47072239149,219314.15964872547,0.5136215140090072
5940648.0,103223.93605340367,207646.19067782786,0.497114518289238
5940748.0,113033.24691231265,247649.77404633947,0.456423783738895
5940848.0,97539.31126904982,245152.52475854653,0.39787194264108594
5940948.0,112016.69487703596,286582.5913020107,0.3908705492825587
5941048.0,151151.14032222854,295949.0597493549,0.5107336392629239
5941148.0,155210.827215039,380540.8260079729,0.4078690553212472
5941249.0,133638.17370884138,283700.74654339685,0.47105330295068204
5941349.0,116882.40519753972,264574.43120635324,0.44177513550573594
5941449.0,97356.39109289352,228490.9368778589,0.42608425709653386
5941549.0,93701.39487809548,235599.4637443272,0.3977148054113584
5941649.0,123786.11490700049,240955.15164862855,0.5137309331634913
5941750.0,192872.58694178693,345226.69013585465,0.5586838806289488
5941850.0,121079.97027133673,250815.24935865207,0.48274564876316195
5942048.0,100820.77241612232,182968.4632931942,0.5510281422354413
5942148.0,103988.08589312699,194866.28341138572,0.5336381649646177
5942248.0,72324.17645352245,173722.14612986485,0.4163209934066609
5942348.0,60012.77043513201,148702.86562334967,0.403575076939934
5942448.0,63422.29861693064,141081.71399723322,0.4495430117766674
5942548.0,63703.00517270276,131344.4802491066,0.4850070977621922
5942648.0,77949.22270236818,154825.16597440373,0.503466101339462
5942748.0,99959.6991831138,192742.44457142512,0.5186179899574297
5942848.0,66499.31421242304,133864.47941843868,0.4967659419535555
5942948.0,76381.39291761222,166351.3708916771,0.4591569790389611
5943048.0,65845.80612687739,133465.636788004,0.4933540026596244
5943148.0,73382.25024078193,146740.24245030538,0.5000826563690144
5943248.0,82277.23770092773,160680.1524111636,0.5120560098199866
5943348.0,68367.06039436652,136770.5305633023,0.49986689466503015
5943448.0,72660.74824462218,140638.7880089437,0.5166479978482283
5943548.0,82415.7026655013,166969.1969542058,0.4935982454782078
5943648.0,83775.32039210673,185697.93138956235,0.45113760700091216
5943748.0,64995.38003753366,163209.79963200423,0.39823209258317444
5943848.0,64073.555735588394,163185.99760922353,0.3926412601222279
5943948.0,59289.660147339935,142532.56612367404,0.4159727265128652
5944048.0,86615.17658646789,165269.85498815152,0.5240833338461964
5944148.0,75749.74603791197,141993.96902477002,0.5334715731813784
5944248.0,68869.08793892105,155906.47091851698,0.4417333516253781
5944348.0,69963.72985337563,165740.213078009,0.4221288759924894
5944448.0,106161.0414118995,209218.94244044687,0.5074160120186905
5944548.0,90904.47863827366,192090.24800736614,0.47323838446388866
5944648.0,67787.24123732513,152345.18073067802,0.4449582252106954
5944748.0,84872.74004917759,174358.3069021861,0.48677199014550343
5944848.0,77667.0515492828,170026.13334203276,0.45679478808733487
5944948.0,83619.77553911443,179789.6680559279,0.4650977803301939
5945048.0,102951.57251193705,202455.0493839685,0.508515706697357
5945148.0,69097.62984796848,183859.64615880555,0.37581726763624146
5945248.0,67984.55248628311,152491.1396522885,0.4458262469629516
5945348.0,89274.7131927943,183516.0389798677,0.48646817841675416
5945448.0,98060.2091276049,193800.52214408628,0.5059852679586662
5945548.0,91003.83854011471,203153.9437861006,0.4479550671973763
5945648.0,125372.52035424122,301784.40534474724,0.4154373722890695
5945748.0,246214.867474627,373527.82851562696,0.6591607068556776
5945848.0,265572.94173174584,360239.2203130485,0.7372127374164381
5945948.0,333106.69623618235,420614.0632390662,0.791953301967588
5946048.0,327203.09985724074,400151.4227896023,0.8176982042852377
5946148.0,399094.8608589504,475564.74720668123,0.8392019450623894
5946248.0,396497.7085856503,471714.8729062906,0.840545277156053
5946348.0,309779.2828920882,384483.17342102,0.8057030952375933
5946448.0,355662.9060973487,464973.472962244,0.7649101008526322
5946548.0,472500.73496303806,584311.6583874129,0.8086450581305337
5946648.0,280833.4875087665,385381.2584100025,0.7287159958619241
5946748.0,170367.13887993098,320698.38705351274,0.5312379037675141
5946848.0,211428.69207289553,353993.06895155937,0.5972678863433554
5946948.0,330093.91246580856,416908.388296262,0.7917660611597922
5947048.0,425257.1509788873,485426.1378674951,0.876049140755103
5947148.0,268821.4213350728,368760.67618050484,0.728986138433826
5947248.0,110862.50387523735,228228.33422463166,0.48575258743343386
5947349.0,185785.97635035153,322483.0766495689,0.5761107785269571
5947449.0,162630.91562284174,325729.92478483444,0.4992814698565688
5947549.0,321967.9695859616,553990.4435351104,0.5811796455033184
5947649.0,296670.3272068146,486622.0357260899,0.60965247240428
5947749.0,229335.54902478628,456531.051582118,0.5023438126059971
5947849.0,309276.84133441857,722777.2244208001,0.42790064612544837
5947949.0,184979.69230219594,331315.31454422895,0.558319172648755
5948048.0,132150.32982701156,236661.09090325446,0.558394830863996
5948148.0,222431.82694130662,385500.4305608922,0.5769950155896703
5948248.0,168861.11126961705,282923.9753051754,0.59684270690554
5948348.0,126220.62181803696,224742.546044218,0.5616231730026015
5948448.0,174680.58025089733,292261.9069537613,0.5976850766204489
5948548.0,91031.33803733735,189078.00108310545,0.4814485953726914
5948648.0,156901.30324217287,246715.94937826038,0.6359593031483127
5948748.0,102159.45068948186,186707.12644284283,0.5471641743720812
5948848.0,142201.38635281211,252063.94827905652,0.5641480557758419
5948948.0,202372.99930406583,293082.1001564387,0.6904993488037823
5949048.0,115430.55489020504,205031.9021583201,0.5629882651192138
5949148.0,151605.6069021852,241509.47834837367,0.6277418507090494
5949248.0,130239.54101570317,212218.13435028982,0.613705993667479
5949348.0,143672.11667895803,223356.0555649025,0.6432425407745884
5949448.0,117831.49911938023,206670.3329391932,0.5701423007531939
5949548.0,159774.19241316002,251743.04648273587,0.6346717204128102
5949648.0,91514.69065146222,178771.9233810255,0.5119075127720834
5949748.0,78139.58490111983,153700.40539218634,0.5083889317125523
5949848.0,153735.28812414425,272363.0488187798,0.5644498722968619
5949948.0,91953.98472510137,173440.81038862432,0.5301750177427242
5950048.0,108674.66842532835,208732.6017054758,0.5206406068692115
5950148.0,99963.15356421792,191748.45585633977,0.521324425366489
5950248.0,117356.35743585952,207114.858289685,0.5666245213161718
5950348.0,143617.38404798208,240445.56286143934,0.597296878091046
5950448.0,95120.12088714221,196879.2259743053,0.4831394496621819
5950548.0,111960.77111491887,223390.3443583079,0.5011889454601445
5950648.0,157797.30419316376,268243.9379750799,0.5882604668882517
5950748.0,215186.03997119996,319178.96820635436,0.6741861507368453
5950848.0,156675.431505206,257084.4078686675,0.6094318702721334
5950948.0,129150.52550781463,208821.85433737218,0.618472266313464
5951048.0,117507.10220282458,205361.5311385659,0.5721962704082961
5951148.0,76438.08031650142,165455.2731416098,0.4619863656510943
5951248.0,96323.11733137417,191368.75226475068,0.5033377507635894
5951348.0,149331.16430206798,264234.36226272414,0.5651466486920815
5951448.0,149423.84246559947,261229.12009599365,0.5720030079751094
5951548.0,155491.08509072266,276019.6256402895,0.5633334395336063
5951648.0,179932.48735288973,400346.4574681346,0.4494419370932273
5951748.0,73174.65959335545,183634.87642480005,0.3984790962261521
5951848.0,96152.54284858203,191793.6212048446,0.5013333720097323
5951948.0,149943.45993871265,248833.997981761,0.6025842977843533
5952048.0,193467.88137927913,289590.9604811249,0.6680729296862465
5952148.0,255909.66393976723,354718.5158439587,0.721444335463848
5952248.0,323606.4670808843,437410.8007464964,0.7398227627863996
5952348.0,254341.4748994509,374408.50577402115,0.6793154294762785
5952448.0,273330.1660210698,388573.49574194127,0.7034194792395037
5952548.0,229438.52880959248,351208.93670931255,0.6532821486814654
5952648.0,308231.3850030796,424493.9010246793,0.7261149907196419
5952748.0,240579.16730884303,351447.5605623581,0.6845378779237722
5952848.0,107483.64104967457,210607.37928970024,0.5103507835868648
5952948.0,97998.9929747051,201338.319420252,0.48673791088000756
5953048.0,149378.11370110113,287169.6792212267,0.5201736969801217
5953148.0,210291.9684060934,363821.34635001014,0.5780088785768618
5953249.0,123884.66356024344,226517.17806015172,0.5469106785682533
5953349.0,123108.71564448556,227565.21367224905,0.5409821371986712
5953449.0,122099.56256710597,219207.67128450115,0.5570040585333242
5953550.0,102489.95658020358,204402.57538665403,0.5014122566035702
5953650.0,93888.27963715832,176075.9357507299,0.5332260722446232
5953750.0,132377.30876854944,244191.46749543128,0.5421045629738318
5953850.0,116485.36652199776,212299.3514912256,0.5486845141249155
5954048.0,94464.74836090267,214675.6740257388,0.4400347118489853
5954148.0,102698.16300293931,215780.66189173618,0.47593775133781985
5954248.0,89262.80805995819,226195.37123035302,0.3946270322616578
5954348.0,94007.77917204147,204110.34005891322,0.4605733308018967
5954448.0,114480.64838675542,205301.79710734673,0.5576212678104157
5954548.0,87938.14240311949,189343.11273968025,0.46443803067725986
5954648.0,84799.08087303123,177777.73740940797,0.4769949382230335
5954748.0,109775.70681582163,198786.75193576817,0.552228484779973
5954848.0,97572.73666970691,188694.9563707512,0.5170924467000287
5954948.0,89337.41439344696,189194.54139490158,0.4721986888986134
5955048.0,86082.34871966483,173364.4525367824,0.4965397892131371
5955148.0,109020.98224349065,199820.40779182612,0.545594834122595
5955248.0,67800.01296091243,177503.53980105996,0.3819642866666232
5955348.0,89779.61875165366,192808.16822958365,0.46564219543204116
5955448.0,96085.85098512126,189736.25158882386,0.5064179890796423
5955548.0,89325.94933354475,154330.23684072768,0.5787974616129901
5955648.0,114044.20931479715,193540.2634229216,0.589253147111768
5955748.0,102092.19310785379,167558.3704352661,0.6092933038358459
5955848.0,77984.49504362301,155903.63681864433,0.500209595074032
5955948.0,88736.96468358043,154603.59705298126,0.5739644249879327
5956048.0,81967.37939972599,159213.2608831089,0.514827590020311
5956148.0,75735.74217707985,156499.83127462666,0.4839349765443415
5956248.0,79095.98772631677,159139.02935458577,0.4970244448964118
5956348.0,85116.19040494817,170066.67228193462,0.5004871869536173
5956448.0,95636.86120088327,172754.13221231263,0.5536010049435274
5956548.0,91607.53179361466,182317.73127774012,0.5024609024673585
5956648.0,127555.68452473277,220338.47487644217,0.5789079033802943
5956748.0,144289.47339486371,234120.93946245743,0.6163031539432265
5956848.0,152335.3810537368,231454.27635686126,0.658166197883779
5956948.0,156260.2465249264,245474.43023445507,0.6365642497904188
5957048.0,224032.67452981882,334925.94001732895,0.6689021295819232
5957148.0,205992.0799962404,293337.55402253894,0.7022356229929317
5957248.0,174213.51776536964,272618.9589124322,0.6390366923135697
5957348.0,128103.46083856972,231608.486289987,0.5531034846373328
5957448.0,101568.92719823681,201109.49482418556,0.5050429234434239
5957548.0,108916.69997835932,212414.50750465132,0.5127554669304982
5957648.0,109190.41813183062,196942.38666024577,0.5544282263634793
5957748.0,123535.86093218498,209428.4602666056,0.5898714089523551
5957848.0,197920.01117197322,292200.19923719874,0.6773438611221073
5957948.0,223344.89455187618,384064.31120852573,0.5815299366116115
5958048.0,184933.8253612262,332064.10984043736,0.5569220517390155
5958148.0,228617.4639514429,338177.07778229326,0.6760288587584844
5958248.0,214805.70236516887,321946.13842678367,0.6672100600890405
5958348.0,199776.58251383458,302828.0194353214,0.6597030977726395
5958448.0,146901.7352785991,227184.96198600827,0.6466173376724046
5958548.0,148413.0221273745,253639.1277714873,0.5851345706451301
5958648.0,161290.5280585192,233507.19840877654,0.6907304321135522
5958748.0,183870.08301195645,254175.42658786644,0.7233983453093331
5958848.0,200993.4817521995,268611.131990048,0.748269367181872
5958949.0,265159.0304624643,338170.57988259866,0.7840984586965505
5959048.0,195067.9752236804,268074.47825727775,0.7276633586747815
5959148.0,191846.27102366454,255299.820289331,0.7514547828754653
5959248.0,179066.71621571862,242979.74837316546,0.73696148512225
5959348.0,244258.69422794317,317622.9450237237,0.7690209352151783
5959448.0,345531.8149327232,413847.78530727106,0.8349248859122803
5959548.0,341533.07281046495,435708.07713073445,0.7838575659637995
5959648.0,259197.40543407117,352007.0293801417,0.7363415608219489
5959748.0,379084.7476237157,465101.8311181705,0.8150575256010978
5959848.0,397219.29008434527,489816.43945515744,0.8109554071443341
5959948.0,347206.84602266946,427974.0859082669,0.8112800691794473
5960048.0,244110.8931034736,300620.40029585455,0.8120237111760635
5960148.0,227064.67680026055,296889.87298505084,0.7648111217713843
5960248.0,169500.62456195828,276572.67753847095,0.6128610608630382
5960348.0,177708.81585357484,276615.72378880106,0.6424393140762212
5960448.0,100405.9805927951,170660.41176607917,0.5883378550054102
5960548.0,130333.26617339774,204530.92139673734,0.6372301326535598
5960648.0,128464.43837562481,198818.08501241685,0.6461406082228475
5960748.0,110013.07283881854,172478.96424956084,0.6378347256285698
5960848.0,113243.00229850123,189973.5971403693,0.5960986368796675
5960948.0,125984.15455967246,194550.81672792925,0.6475642543092264
5961048.0,126149.2683259817,205256.8824394553,0.6145921482715299
5961148.0,112928.51895503199,201933.46386290662,0.5592362790928975
5961248.0,166229.87458151884,243653.74170192188,0.6822381360548901
5961348.0,175847.57981221878,233183.9111888354,0.7541154058000815
5961448.0,142118.65687976993,206584.46095220651,0.6879445638103884
5961548.0,95919.43543169626,148455.0115823583,0.6461178670178008
5961648.0,94580.29044184127,157578.9684968703,0.6002088435026133
5961748.0,97008.10985405948,148841.38080708406,0.651754971151426
5961848.0,132095.13697715505,179097.1197618267,0.7375614814622508
5961948.0,116809.40044728701,173086.99156630455,0.674859499204715
5962048.0,150392.72825942753,217374.39558408942,0.691860363109092
5962148.0,148963.54332743774,212031.5886342963,0.7025535406630574
5962248.0,185548.94156662785,246267.05654288625,0.75344605231157
5962348.0,151146.8170758746,205361.35090136452,0.7360042014355015
5962448.0,121734.32405725928,187742.48262646463,0.6484111765980201
5962548.0,120388.6474757369,197737.1411873765,0.608831738705356
5962648.0,170571.69299939484,274949.6697652356,0.6203742421114258
5962748.0,158742.79500352714,223400.45514399026,0.7105750742594112
5962848.0,197656.36939535863,255696.56721324075,0.7730114312818329
5962948.0,191480.10410177903,241196.20581757475,0.7938769329008526
5963048.0,193465.90302517213,233959.0683771941,0.8269220097648107
5963148.0,241718.28291210296,293826.57769663463,0.8226562920447189
5963248.0,298650.07207798486,370222.9499238429,0.8066762801696086
5963348.0,236130.5536663802,280011.1634293171,0.8432897845017038
5963448.0,133993.25540051967,168220.38390902203,0.7965340007367164
5963548.0,160491.2885788332,196145.51354234928,0.8182256411599337
5963648.0,266220.07308350544,313401.7455725124,0.8494530641403514
5963748.0,194379.10353822183,276544.2265965347,0.7028861384324323
5963848.0,75676.5573926349,167102.82449767375,0.45287419659198164
5963948.0,57385.7563685856,123828.04564942919,0.4634310108636535
5964048.0,70659.00587830218,186253.31353363636,0.37937046347119907
5964149.0,99386.37050633208,189558.6766752418,0.5243039899281641
5964250.0,104740.68029400698,178637.66769021106,0.5863303168268275
5964352.0,139949.43950434122,255303.28874016902,0.5481693565129614
5964452.0,195940.9414356884,267936.77058909525,0.7312954508068666
5964552.0,172846.1664438071,263249.3047169645,0.6565873616632897
5964652.0,189980.62854020912,261712.89518056222,0.7259123720638098
5964752.0,218444.11158940554,283242.6964285551,0.7712259286604612
5964852.0,283263.6119938004,382204.7500808157,0.7411305378436699
5965048.0,283069.0845398354,381041.0451433051,0.742883445622968
5965148.0,272768.7360676131,367127.35109148244,0.7429812441286713
5965248.0,275037.6343203262,388545.97128979943,0.7078638170081235
5965348.0,236747.4765362388,334129.70647518284,0.7085496199477342
5965448.0,125362.05233830471,206753.16675074984,0.6063367942965259
5965548.0,191660.9932263783,277350.3122160827,0.6910430051257915
5965648.0,231141.20790096608,310233.72862934414,0.745055055496964
5965748.0,320363.0505500095,433519.26262228715,0.7389822740797855
5965848.0,326130.808068877,443889.33265001985,0.7347119745407615
5965948.0,222246.62277115043,342315.59082493617,0.6492448159768736
5966048.0,203764.74661796738,319291.633561802,0.6381775317596186
5966148.0,225814.4896831877,347288.4182418707,0.650221769059739
5966248.0,275821.82426995295,384798.2742792708,0.7167958972440006
5966348.0,250067.54376432393,395649.8391208412,0.6320425766379426
5966448.0,201123.19372137298,423727.3924700215,0.4746523290575375
5966548.0,259473.04783734723,433027.0801691179,0.5992074392576338
5966648.0,280238.7615641933,413339.7612942896,0.6779864600654011
5966748.0,197152.21762048188,285918.90611034294,0.6895389336177585
5966848.0,229516.27557006464,309035.9735940918,0.7426846554489687
5966948.0,211638.05452644548,319098.322840829,0.6632377526848166
5967048.0,142344.25447609212,222441.30449880395,0.6399182687622545
5967148.0,382376.433898789,561957.0527462639,0.6804371117510299
5967248.0,183830.57114204566,326014.23856566823,0.5638728294531747
5967348.0,207254.20557725415,331424.2410565403,0.6253441357112349
5967448.0,296504.26652196684,380520.96062953933,0.7792061336947798
5967548.0,246370.50470134284,347327.9520565048,0.7093310608679783
5967648.0,176262.43907623124,234729.54447814886,0.7509171436774106
5967748.0,185092.7163623164,248969.33195122678,0.7434358075820204
5967848.0,221204.42850106128,287520.9543616578,0.7693506339117796
5967948.0,345356.4470487407,445791.39284052985,0.7747041611731675
5968048.0,327489.148866192,440883.84320154315,0.7428014292564707
5968148.0,374373.4362209833,478992.96293272957,0.7815844181275807
5968248.0,319527.1716636213,412434.14667266054,0.774735007373729
5968348.0,389280.2589805832,483077.4565799194,0.8058340410595862
5968448.0,283367.03289762174,346130.980985296,0.8186699500027114
5968548.0,333875.6887054716,413151.25693540723,0.8081197457367781
5968648.0,328795.3937681625,522362.0384864299,0.6294396788879675
5968748.0,241118.97821588189,357494.95958911016,0.6744681896858462
5968848.0,356538.6570381283,451162.3482913224,0.7902668704257781
5968948.0,457316.9524244646,619793.1685087989,0.7378541353154205
5969048.0,432563.9596506644,597477.2432220742,0.7239839919558011
5969148.0,422993.81461699924,547685.2210377523,0.7723301604076732
5969248.0,479469.8040399242,657959.6281806997,0.7287222247445314
5969348.0,433643.08890114026,651681.0788158585,0.6654222487003834
5969448.0,574821.4172874475,752653.5792864081,0.7637264116015186
5969548.0,486931.18240634096,633961.524341945,0.7680768685635581
5969648.0,414558.2936296031,584219.0957815545,0.709593877747212
5969748.0,74149.66051374363,186664.32785540086,0.3972353012793291
5969850.0,61444.02065552054,172355.0154254024,0.356496853334183
5970049.0,65199.404413686665,169079.4927459786,0.3856139106807048
5970149.0,69353.45342341303,141701.52811715266,0.48943334870795896
5970249.0,71259.98638245148,174185.0447289684,0.4091050784143488
5970349.0,95739.5517380737,231017.92681054145,0.41442477239694914
5970449.0,119383.26157002457,255166.69860894445,0.46786380127520205
5970549.0,112401.97650395283,224079.64213287085,0.5016161907171498
5970649.0,90424.5258464106,153939.49340507155,0.587403036389566
5970749.0,83328.7972119959,160260.02935441164,0.5199599522580646
5970852.0,61943.14023353147,137737.5480290069,0.44971862153729153
5971048.0,72465.6633414423,156537.2684739837,0.46292914171736677
5971148.0,102401.897922793,199251.28130853106,0.5139334475055574
5971249.0,93599.93320674422,185297.86054586363,0.5051322931145069
5971349.0,77502.04057896275,171886.87378757913,0.4508898141619654
5971450.0,100724.09972799511,175881.70108600604,0.5726809503550406
5971550.0,119095.73348823268,212608.90362522675,0.5601634336921607
5971651.0,85748.06975671746,181586.3208106477,0.47221657101656217
5971751.0,105796.3301877495,216208.8991213816,0.48932458662746575
5971851.0,89041.37515025913,192688.79264141936,0.4620993983597117
5972048.0,107351.94288399511,196154.85865038968,0.5472815897735697
5972148.0,84390.56328733434,180544.59478354768,0.4674222642251294
5972248.0,80716.34530067001,190811.0333766336,0.4230171802557535
5972348.0,80032.3142827624,176887.75972788094,0.4524468759505
5972448.0,67880.59282929302,151036.56720514514,0.44943151241708457
5972548.0,70896.67727518894,159575.25771946923,0.44428364577561374
5972648.0,74240.14587248908,260119.23669475995,0.28540813365374845
5972748.0,81650.43636646046,187773.098493396,0.4348356448372295
5972848.0,85817.31320362623,176745.2461287479,0.4855424125020803
5972948.0,83538.94128221022,198085.59779103927,0.42173152522848
5973048.0,92441.08728258143,190739.13642196293,0.4846466698794237
5973148.0,108220.52138559884,202142.44720190376,0.5353676226028178
5973248.0,90064.62284095798,172254.74576503367,0.5228571348844682
5973348.0,68994.09327579003,151682.92108018053,0.454857361557003
5973448.0,54736.34059243584,128646.34117194226,0.4254791865341742
5973548.0,56762.31471224481,121434.49965693995,0.467431536117017
5973648.0,65270.60538977065,133562.25939132785,0.4886904855250498
5973748.0,44839.872704933456,113331.25627043998,0.39565318677782074
5973848.0,46015.689600226746,117186.95256190319,0.39266905226432336
5973948.0,51414.77568991169,129949.27041471504,0.39565266912102376
5974048.0,54179.689089097104,128512.99951481872,0.421589172252179
5974148.0,59164.80823696226,145606.2681601002,0.40633421201282394
5974248.0,83773.6670926598,166495.7176638741,0.5031580887971201
5974348.0,75037.98061481818,152639.72150940238,0.49160192296469796
5974448.0,72007.55305801955,199353.26870675047,0.36120578069849946
5974548.0,73586.9045480751,164655.14165128488,0.4469153153074395
5974648.0,68351.0287030945,180944.13217238613,0.37774658886410434
5974748.0,70091.31121133346,163189.86501875593,0.4295077467174671
5974848.0,74659.9842417686,191459.31801405415,0.38995221029821153
5974948.0,74257.999622544,175928.9673104402,0.42209080606668964
5975048.0,72067.03581706321,161542.8726416093,0.44611708730070326
5975148.0,81702.52960331706,184578.79980494216,0.44264308625724114
5975248.0,82854.97226981584,175830.74618496338,0.4712200457970951
5975348.0,72734.19727646786,163033.7708949884,0.44612963852327653
5975448.0,84062.2088273217,253468.7260328184,0.33164726135261974
5975548.0,69353.41039859658,189671.3529022204,0.36565042288884675
5975648.0,82741.74911317095,196476.3208879484,0.4211283514432208
5975748.0,107226.08204787815,273080.3464932172,0.3926539695178739
5975848.0,82146.73153910924,188444.1093568043,0.4359209307178224
5975948.0,90676.69328912505,229274.8829552811,0.3954933576688864
5976048.0,90807.63769539475,234749.03766349042,0.3868285834064473
5976148.0,111611.89925287671,253085.03344009342,0.44100552978489677
5976248.0,98643.02076313645,254855.2112525024,0.3870551450698181
5976348.0,101828.23439294445,244509.56799969345,0.41645909902827244
5976448.0,80130.74374923162,183117.47635116056,0.43759200566726125
5976548.0,166522.11409078262,285088.64464483684,0.5841064427460297
5976648.0,122591.0775841172,240447.8267032003,0.509844814423875
5976748.0,110781.67145676819,234196.46865344382,0.47302878687167244
5976848.0,123742.46901114166,227457.24984744738,0.5440251699786844
5976948.0,107739.32206461324,215499.99876238807,0.4999504532870435
5977048.0,100955.11565391003,188633.57876602653,0.5351916467594069
5977148.0,133289.5199315078,250595.14666389962,0.5318918650498721
5977248.0,101866.92692629746,181559.37381976098,0.5610667451817914
5977348.0,86784.88649171333,153715.86789662234,0.5645798815648511
5977448.0,108797.74200800082,173554.0860972997,0.6268809018244923
5977548.0,113954.35800958768,202993.14414502613,0.5613704762766485
5977648.0,87015.02526267259,183047.14178877667,0.47536948357861664
5977748.0,73944.02678747302,153092.48229151833,0.4830023374150338
5977848.0,66217.72038189546,167432.67578633636,0.39548863488508657
5977948.0,77941.67904332935,162450.14368942488,0.47978830472652373
5978048.0,64395.96685574703,167439.6823824212,0.3845920270481097
5978148.0,85151.80498854755,197654.6949101165,0.43081094039921664
5978248.0,75857.59450437511,167311.43631681395,0.45339156828905786
5978348.0,80016.77359038878,175926.48409467694,0.45483074366066906
5978448.0,77069.80745259747,171919.38286313685,0.4482903915142128
5978548.0,75431.5843073068,183722.51468870457,0.410573436985208
5978648.0,93615.23658954068,213409.9706617111,0.43866383702350903
5978748.0,75213.89153092605,176325.65340071116,0.42656238658590273
5978848.0,63604.03628583794,147780.6055122341,0.43039501743395175
5978948.0,65324.18693094298,137585.29260125748,0.4747904786615684
5979048.0,66765.96947996045,136910.1420915038,0.4876626994904253
5979148.0,55912.18243900268,137558.2153535514,0.4064619644511779
5979248.0,63126.935600773286,142309.11015376615,0.44359026300258725
5979348.0,60037.95534490836,156566.6855744546,0.3834657106307432
5979448.0,50985.06625708576,134899.64107554787,0.37794812388368465
5979548.0,60238.72166168165,149565.31869451233,0.40275862203536267
5979648.0,59152.47445577389,143847.81123906458,0.4112156726352046
5979748.0,77102.5025208032,178975.59125042026,0.4307989820406427
5979848.0,68901.2702832883,174570.01960775282,0.39469131319401146
5979948.0,84150.49595498468,189195.84586101663,0.44477982892289125
5980048.0,66384.65204647115,156559.07983271632,0.42402300854989233
5980148.0,69503.73814647683,210262.88246511857,0.33055638413977845
5980248.0,78022.1101158171,195674.4651591645,0.39873424492231396
5980348.0,79004.57704801208,203244.3906677229,0.38871713402990726
5980448.0,88444.29495209534,204040.83732838067,0.43346369339660296
5980548.0,181180.67565279332,307667.02268452616,0.5888855882957964
5980648.0,114551.44938620657,263341.70718853635,0.4349916715022844
5980748.0,77777.12673321273,192048.5321898132,0.4049868324759748
5980848.0,112338.15160146647,243023.5805272814,0.4622520635969956
5980948.0,98608.07661748405,205075.40616196636,0.4808381388239429
5981048.0,94501.27743250229,210201.11586742976,0.4495755269543984
5981148.0,81528.5627629568,175222.96536206277,0.4652846879659555
5981248.0,78844.770770814,180166.8227285205,0.43762092030461736
5981348.0,141271.8192991178,265197.48995349533,0.5327042096962948
5981448.0,115082.62525491275,236001.67741923008,0.4876347766396659
5981548.0,115436.61905155145,250510.84811354813,0.46080487100992895
5981648.0,88358.11744328137,254978.3400058047,0.3465318561618601
5981748.0,76728.56253722464,191401.53080765056,0.4008774758146172
5981848.0,99651.23987996027,245768.83335634216,0.40546735938431683
5981948.0,103982.58944913287,236925.8976632059,0.4388823276590297
5982048.0,80598.72859317355,183409.19544625797,0.4394475882033426
5982148.0,87725.93477274296,209199.0315638518,0.4193419736074027
5982248.0,94008.25991631545,289778.2926465383,0.32441443096976047
5982348.0,100926.85320376458,422796.7142375146,0.23871248239423848
5982448.0,117376.45960445261,338334.7581616938,0.34692403536132443
5982548.0,88593.60022808197,243989.5255258851,0.36310411292095807
5982648.0,102938.81056746274,339729.676897563,0.3030021148211358
5982748.0,96026.79720905615,259986.41912087833,0.36935312826632444
5982848.0,116409.39114411945,331932.194488992,0.3507023213681672
5982948.0,97143.73276682825,244431.63286423628,0.39742700905158385
5983048.0,113354.9426367336,342382.0022702074,0.3310773985931481
5983148.0,111102.40873452304,340926.8707270956,0.3258834027883301
5983248.0,117291.05419960532,262774.4895754961,0.4463563201629097
5983348.0,145896.37535491338,381571.9849499908,0.3823560982183603
5983448.0,101781.45242693966,222195.07591928644,0.4580724933072429
5983548.0,107584.89761565893,234035.8758779553,0.4596940414031315
5983648.0,95321.20857910553,294132.23364105483,0.32407603681897396
5983748.0,75136.8750387026,187070.63760673403,0.40164975113121587
5983848.0,63424.389248382,188463.1243532974,0.33653474368537556
5983948.0,62546.337690370325,166074.2401774167,0.37661673251403843
5984048.0,63039.91054042408,136392.07883994764,0.46219627324838775
5984148.0,60243.91434339272,133471.22241759155,0.45136257278672043
5984248.0,62215.40643036372,154062.75627819478,0.40383158093069477
5984348.0,68303.23646444659,185179.79330097968,0.3688482163571204
5984448.0,63053.603412804165,161266.81629680196,0.39098932353670185
5984548.0,68876.98557070215,284123.0020764194,0.2424196037185915
5984648.0,61794.50265691778,154273.71554667756,0.40055107532702827
5984748.0,61914.75389234751,188664.70898327653,0.3281734788981426
5984848.0,64741.38731219137,145541.5238943541,0.4448310391416951
5984948.0,69201.75344266229,153181.79980863575,0.4517622428324607
5985048.0,62084.68702386166,140867.13979471909,0.44073221841754984
5985148.0,61577.52557219908,119643.43545487656,0.5146753379162454
5985248.0,55534.51242921245,103804.50146788832,0.5349913697759237
5985348.0,53633.44101483096,118207.37801147673,0.4537232947475047
5985448.0,78362.34108327264,137468.55703564445,0.5700382892864289
5985548.0,47586.65454677583,108173.11611410565,0.4399120248748255
5985648.0,58660.823562400816,124902.99895042265,0.46965104165100846
5985748.0,60928.63088511965,145980.29194965988,0.4173757297740602
5985848.0,59547.24689380931,155695.8272484914,0.3824588490658235
5985948.0,54003.95146491498,148074.2434199681,0.3647086098002135
5986048.0,58636.567407100156,148141.43510393184,0.39581476557157963
5986148.0,54571.020858715754,153025.16513227287,0.3566146836799379
5986248.0,98931.13398000959,184794.0831596802,0.5353587749588465
5986348.0,59795.07543738069,130531.21793370982,0.45809022840610875
5986448.0,53591.28421817102,147902.6492158126,0.3623416112038206
5986548.0,51589.289692941675,125644.26110927989,0.41059805865762194
5986648.0,54873.908482760766,126376.90383675555,0.4342083625789952
5986748.0,58115.818366880165,141222.0859772163,0.41152074737273125
5986848.0,71605.12928103918,158907.7046883968,0.45060829128109403
5986948.0,80192.26160857014,165771.73773185274,0.4837511068279122
5987048.0,65365.09411304408,157138.68105657853,0.4159707442721189
5987148.0,71580.70848570779,165906.08194014212,0.43145319115868014
5987248.0,65902.02039477018,167975.75136647397,0.39233055877804196
5987348.0,67139.08216991951,151960.33008311107,0.44181979687198225
5987448.0,83318.06415238738,186753.54210825148,0.44613913723838317
5987548.0,71548.89175190534,198550.81087851644,0.3603555756600894
5987648.0,78445.44460498074,218380.76886933844,0.35921406912856974
5987749.0,109160.7690198553,269688.94417067716,0.40476545805589675
5987849.0,78595.8348042971,196989.6175135465,0.3989846561273325
5987949.0,81208.97156787645,351805.00474879605,0.23083517991980573
5988048.0,104390.00889685788,376256.9415389674,0.2774434100003086
5988149.0,81107.0288870688,245849.85647907597,0.329904723348788
5988249.0,77258.11134199509,257227.06197104653,0.30034985724282487
5988349.0,73057.7046546151,257654.55283778883,0.2835490537619567
5988449.0,83596.55691960665,327474.9209426008,0.2552762107064049
5988549.0,89511.17460544592,441612.94817271514,0.20269146313716788
5988649.0,84176.4241977672,366361.5393806807,0.2297632670177771
5988749.0,77378.31200499662,479328.6590253245,0.16143059787482575
5988849.0,87832.81129401315,470094.45719391725,0.18684077199783172
5988949.0,89443.79115708463,447800.4464404247,0.1997402902745525
5989048.0,79279.49711721305,350311.1260608994,0.22631167330788918
5989148.0,71590.74528918786,301458.3649971107,0.23748136924272784
5989248.0,72245.6750359369,250946.93918982937,0.2878922343869933
5989348.0,93622.93067784786,253745.2127776875,0.36896432312152916
5989448.0,80702.48587716788,213586.42896312923,0.37784463305531135
5989548.0,82901.18404206808,232103.21579516315,0.35717378476664635
5989648.0,92367.13607572041,232299.1517312279,0.39762149533197594
5989748.0,91450.50029378304,197972.75520679777,0.4619347758142577
5989848.0,93655.59710642642,219722.20779422476,0.4262454762612671
5989948.0,70884.44090743015,212090.02217207346,0.3342186500877443
5990048.0,63504.096209385025,201804.52179752727,0.3146812353050215
5990148.0,63293.88685408946,152995.53055163412,0.4136976199623593
5990248.0,81546.83074668617,208974.95027242412,0.3902229939061118
5990348.0,59267.09565006566,139453.72334067972,0.4249947167439809
5990448.0,94672.45613137644,200692.90013932422,0.4717279787459014
5990548.0,72750.24485215734,150975.42733645652,0.48186811678982483
5990648.0,73797.92263294496,145465.26026928175,0.5073233464562744
5990748.0,58321.8221340139,119752.59255066357,0.4870192861114031
5990848.0,88544.49648094026,173017.14942359834,0.5117671674508781
5990948.0,51413.53320407475,117950.85163206066,0.43588946152297087
5991048.0,51224.53425792692,117236.79287627956,0.4369322377488129
5991148.0,67038.56519183479,138914.6955549914,0.48258800067194185
5991248.0,60047.90731937299,145810.84993273419,0.41182056991694677
5991348.0,74859.48541112791,165418.13652267738,0.45254702407353825
5991448.0,77253.35341076461,178884.9291353316,0.43186060326144204
5991548.0,70663.26945556769,158781.8639931077,0.44503363091036013
5991648.0,92471.04418462561,166409.7725154711,0.555682775036716
5991748.0,71321.71027655878,185520.40543483978,0.38444132390390373
5991848.0,65958.4179553839,165402.89937778978,0.3987742548861315
5991948.0,70618.68620055258,177379.2757520765,0.3981225309503265
5992048.0,141540.35194852427,223669.9735055063,0.6328089091718868
5992148.0,69813.69931646479,176482.86372467867,0.3955834455711085
5992248.0,78183.1108463711,193099.64145349062,0.4048848058850593
5992348.0,90340.74228044934,189550.48945052654,0.476605164894753
5992448.0,67152.46953581428,145798.43794434544,0.46058428665366014
5992548.0,65986.05594375714,177056.96309364523,0.372682637219171
5992648.0,61686.517848755844,167294.9627788843,0.3687290808049471
5992748.0,63914.45511066294,169573.64823509258,0.37691266170114807
5992848.0,66231.18613572343,148746.67123862883,0.4452616356669331
5992948.0,59282.74603115873,155245.1289544077,0.3818654178101063
5993048.0,61867.47086116244,139295.58435508228,0.44414524083875
5993148.0,67676.23859967176,154905.13902497315,0.4368882725624828
5993248.0,75572.39232794661,193163.85542294485,0.39123464461027624
5993348.0,73002.42123819666,166556.3941365268,0.43830452512292234
5993448.0,96239.89037120424,200390.8782584339,0.4802608342635664
5993548.0,75930.40196486335,164082.24325294545,0.46275819040218
5993648.0,84197.87938886444,191578.9987983946,0.43949430739780027
5993749.0,95447.582115708,193463.66531233626,0.4933617998067659
5993849.0,75172.85582240747,161081.00372860435,0.46667734917434256
5993949.0,100543.96446644489,183838.56461485394,0.5469144337429246
5994048.0,80270.98452899547,155536.78750297803,0.5160900248596079
5994148.0,105451.4369722079,186321.29932023375,0.5659655517481479
5994248.0,106108.14123325962,189832.55259795336,0.5589565107834071
5994348.0,85622.44582156037,166309.28423337635,0.5148386406462384
5994448.0,87613.7273394147,166090.84680954885,0.5275048506428449
5994548.0,83839.50882384116,167708.18963055222,0.4999130275541875
5994649.0,74997.87619788849,142683.1964496636,0.5256251476279938
5994749.0,93222.1633491644,158446.14593192737,0.5883523565742969
5994849.0,83837.67185910494,146661.83160905962,0.5716393347833119
5994949.0,80081.78624674516,155052.7290331641,0.5164809851854755
5995048.0,83195.72787272942,162961.82683033048,0.5105227984425431
5995148.0,75405.50967846089,135083.63719419308,0.5582134982792897
5995248.0,101628.04647744715,165148.4462679862,0.615373918277956
5995348.0,90788.07518722731,178179.85540844285,0.5095305245315932
5995448.0,82361.65035510114,186120.63407604702,0.4425175680491664
5995548.0,61940.69116097234,153508.76409781212,0.4034993801494305
5995648.0,56562.419948174655,131432.64646860588,0.4303528953263922
5995748.0,59712.26987659345,144455.55270373792,0.41336084877994683
5995848.0,50967.061688718844,124059.65671340251,0.41082704111023655
5995948.0,61213.155425488476,126205.40300313974,0.48502800964841114
5996048.0,62109.148009214616,134683.734118045,0.4611480994043304
5996148.0,52395.02323566965,122779.38564582996,0.42674120708510954
5996248.0,58461.42706105638,123560.93980800864,0.47313841374057913
5996348.0,65140.82085740786,142064.1567431714,0.4585310070517769
5996448.0,68886.51035257307,151400.2202249206,0.45499610403627594
5996548.0,66191.79939401329,132997.0462693706,0.4976937552428738
5996648.0,67853.71215400427,146771.38983741938,0.46230884799255995
5996748.0,67986.09512256786,145578.78256411216,0.46700552048254096
5996848.0,57430.146211716914,127540.89493780604,0.45028809182907265
5996948.0,66403.34389972998,161545.89528196887,0.4110494035383991
5997048.0,82188.45200798022,164422.29030994896,0.4998619825392805
5997148.0,62333.48116507874,144352.0563690712,0.43181567850829927
5997248.0,67465.3796830045,148774.76906175035,0.45347326101378366
5997348.0,65527.263693563706,154398.27169123176,0.4244041269102171
5997448.0,69335.89015261288,181888.56837946578,0.38119982344333253
5997548.0,77178.13901759534,179874.125632926,0.42906748675512596
5997648.0,125250.07758103784,224164.12074786623,0.5587427513518801
5997748.0,92715.87479107616,210671.33342812432,0.4400972514027802
5997848.0,73006.18055319684,154175.18937109053,0.47352742585238733
5997948.0,79137.1655795044,184986.14496061814,0.42780050147189125
5998048.0,73839.13371366792,196944.72733691963,0.37492313052559645
5998148.0,71511.8310643735,180363.25832033806,0.3964877976276264
5998248.0,75348.25342645629,186959.53909724343,0.40301903711511256
5998348.0,71513.97212374881,169664.11125679023,0.42150323715491544
5998448.0,68132.34640954861,178474.416779255,0.3817485309046713
5998548.0,82437.69576411878,204807.71707158838,0.40251264426380745
5998648.0,89341.7211462006,221546.32935329515,0.40326428069015435
5998748.0,87546.19055565735,217230.4066849259,0.403010756604786
5998848.0,77323.51411577877,207058.16597660427,0.37343861204931006
5998948.0,88952.40621267345,259701.2676642779,0.3425181825745432
